"Model","Test_RMSE","PICP","Avg_Interval_Width"
"P-splines",10.0237345634531,0.97,40.5533479934745
"SVM",10.0338993692176,0.095,3.96520182080815
