"Model","RMSE","MAE","R_Squared","EDF","GCV"
"P-splines",10.1767889996359,8.24111967446519,0.534377373773525,16.1594432611727,106.997122294308
