"","model","RMSE"
"1","Linear",14.3500232341674
"2","SVR Base",11.719624175461
"3","SVR tune",10.2202281770477
